fold,model,metric,n,model_mean_error,baseline_mean_error,mean_difference,ci_low,ci_high,wilcoxon_stat,wilcoxon_p,beats_baseline,worse_than_baseline
1,Linear trend baseline,squared_error,5394,43.40903981806846,43.456905257061784,-0.047865438993326716,-0.07512300758471811,-0.021276519361592163,7096113.0,0.11748942998823711,True,False
1,Linear trend baseline,absolute_error,5394,3.7322434169784304,3.731601655579959,0.000641761398470783,-0.0015760407823495037,0.0028402469518594787,7109198.0,0.14667195124932883,False,False
1,KNN,squared_error,5394,32.66761572409887,43.456905257061784,-10.789289532962913,-12.97345998623435,-8.713693994190209,4161489.0,3.460152945173168e-163,True,False
1,KNN,absolute_error,5394,2.733249260382324,3.731601655579959,-0.9983523951976354,-1.0840271001558752,-0.9123667812755414,3825999.5,8.841543008154322e-200,True,False
1,Neural Network,squared_error,5394,30.59352097694338,43.456905257061784,-12.863384280118401,-15.447870871512988,-10.338154873996311,3910586.0,3.361073357775828e-190,True,False
1,Neural Network,absolute_error,5394,2.642054131197776,3.731601655579959,-1.0895475243821833,-1.1830307311845274,-0.9957039530004596,3568260.0,2.0065211223756715e-230,True,False
1,SVM,squared_error,5394,30.004943555819587,43.456905257061784,-13.451961701242197,-15.528119624758734,-11.453854581429372,3773645.0,7.980042803106338e-206,True,False
1,SVM,absolute_error,5394,2.69143421657515,3.731601655579959,-1.0401674390048095,-1.1181346489924073,-0.9631395413248294,3601302.0,2.2616856404312213e-226,True,False
1,Linear Regression,squared_error,5394,38.55974480409914,43.456905257061784,-4.897160452962649,-7.2853460696254615,-2.557849713838596,5048423.0,2.0317295590394373e-84,True,False
1,Linear Regression,absolute_error,5394,3.145607877772256,3.731601655579959,-0.585993777807703,-0.6806773820385467,-0.49162168256914085,4877193.5,1.3531325439395856e-97,True,False
1,Decision Tree,squared_error,5394,32.644369711856896,43.456905257061784,-10.81253554520489,-13.90437260881014,-7.699498922269468,3779795.0,4.03936979294953e-205,True,False
1,Decision Tree,absolute_error,5394,2.583754313373013,3.731601655579959,-1.1478473422069462,-1.2590305815007765,-1.0325997994454268,3378979.0,2.3393696181954862e-254,True,False
1,Random Forest,squared_error,5394,29.28987694222023,43.456905257061784,-14.16702831484156,-16.517916591165978,-11.88443148614152,4147594.0,1.2554718672313089e-164,True,False
1,Random Forest,absolute_error,5394,2.761282788308652,3.731601655579959,-0.9703188672713072,-1.0574869565259286,-0.8838091155325116,3795663.5,2.85855426364429e-203,True,False
1,Ridge,squared_error,5394,35.57714519383453,43.456905257061784,-7.879760063227251,-10.147961077158271,-5.671097620631589,4964534.0,9.41313469371175e-91,True,False
1,Ridge,absolute_error,5394,3.12984998871918,3.731601655579959,-0.6017516668607796,-0.6961204778145166,-0.5094454202280371,4837900.5,9.346793192282011e-101,True,False
1,Poly Ridge,squared_error,5394,32.103224129157695,43.456905257061784,-11.353681127904084,-13.809792484583046,-8.96791599873652,5139331.0,8.107676257746831e-78,True,False
1,Poly Ridge,absolute_error,5394,3.079580824390391,3.731601655579959,-0.6520208311895682,-0.742434440144504,-0.5618352040177035,5020506.5,1.6821605804371273e-86,True,False
2,Linear trend baseline,squared_error,5394,41.23839135015922,41.17671387004033,0.06167748011889185,0.00373925133954765,0.11987729015605979,7160634.0,0.3166880671893494,False,True
2,Linear trend baseline,absolute_error,5394,3.8154716196842573,3.8164073430559213,-0.0009357233716637752,-0.005828610703326556,0.0038098437228805022,7115212.5,0.1619038574102012,False,False
2,KNN,squared_error,5394,26.49892211992167,41.17671387004033,-14.677791750118654,-17.301798324478764,-12.154334110889781,3234337.0,2.0786071759127802e-273,True,False
2,KNN,absolute_error,5394,2.4323472929083554,3.8164073430559213,-1.3840600501475657,-1.4665882883549444,-1.3006840454223465,2666512.5,0.0,True,False
2,Neural Network,squared_error,5394,28.67620485001372,41.17671387004033,-12.500509020026607,-15.657744334839558,-9.425132902169551,3511628.0,1.8769659459017237e-237,True,False
2,Neural Network,absolute_error,5394,2.5351709951439414,3.8164073430559213,-1.2812363479119797,-1.3940152017576315,-1.1689089615949144,3096944.5,3.650708826784889e-292,True,False
2,SVM,squared_error,5394,27.94148127074588,41.17671387004033,-13.23523259929444,-15.475464984488301,-11.073768439988816,3868693.0,6.496200533535986e-195,True,False
2,SVM,absolute_error,5394,2.689680381723313,3.8164073430559213,-1.126726961332608,-1.2097733905728558,-1.045396784331668,3370328.5,1.8698763988859763e-255,True,False
2,Linear Regression,squared_error,5394,29.165186677503858,41.17671387004033,-12.011527192536464,-14.563783744098599,-9.587295751623797,3983737.0,4.148879514146774e-182,True,False
2,Linear Regression,absolute_error,5394,2.8335221769883794,3.8164073430559213,-0.9828851660675416,-1.078690542333424,-0.8886221976360299,3675077.5,1.865699879839036e-217,True,False
2,Decision Tree,squared_error,5394,41.76591198934334,41.17671387004033,0.5891981193030111,-2.8868679911753117,4.004532678263459,3989521.0,1.6906246736669073e-181,False,False
2,Decision Tree,absolute_error,5394,2.8802044345992774,3.8164073430559213,-0.936202908456644,-1.0586263028269416,-0.8124062050555465,3331742.0,1.5730768909502134e-260,True,False
2,Random Forest,squared_error,5394,24.766751714739673,41.17671387004033,-16.40996215530065,-18.988409678513026,-13.92888952413214,3482541.0,4.186937081776058e-241,True,False
2,Random Forest,absolute_error,5394,2.4863781933216433,3.8164073430559213,-1.330029149734278,-1.4180608561184136,-1.2438395518335987,2903395.0,0.0,True,False
2,Ridge,squared_error,5394,28.8245284242054,41.17671387004033,-12.352185445834925,-14.914356589001127,-9.914906934923634,3870568.0,1.0589593953022476e-194,True,False
2,Ridge,absolute_error,5394,2.802885176758204,3.8164073430559213,-1.0135221662977172,-1.1095002078515313,-0.9191188891839058,3573821.0,9.702348407679958e-230,True,False
2,Poly Ridge,squared_error,5394,28.859967962571563,41.17671387004033,-12.316745907468759,-15.078657930871321,-9.681458061629135,5927278.0,4.6863187926116543e-32,True,False
2,Poly Ridge,absolute_error,5394,3.196552576902209,3.8164073430559213,-0.6198547661537124,-0.723008233372192,-0.5188040204099496,5505219.0,5.14168786328628e-54,True,False
3,Linear trend baseline,squared_error,5394,33.05249526026159,33.05020179383597,0.002293466425617589,-0.04172306125246033,0.047543849351463725,7206273.0,0.5469997310196474,False,False
3,Linear trend baseline,absolute_error,5394,3.5911976689490914,3.5954170683511584,-0.004219399402066845,-0.008396467933026211,-6.347110688879563e-05,6925688.0,0.002241950381028524,True,False
3,KNN,squared_error,5394,20.7438165626061,33.05020179383597,-12.306385231229871,-14.846733059467942,-9.883438933762651,3458320.0,3.594716450022665e-244,True,False
3,KNN,absolute_error,5394,2.2500553334480076,3.5954170683511584,-1.3453617349031506,-1.4348742495798372,-1.2560959678724302,2964861.5,0.0,True,False
3,Neural Network,squared_error,5394,17.459937985957307,33.05020179383597,-15.59026380787866,-18.19701131945089,-13.080116765040138,3141114.0,4.58550223016387e-286,True,False
3,Neural Network,absolute_error,5394,2.1190754519243518,3.5954170683511584,-1.476341616426806,-1.5645936521207915,-1.387426871840326,2779345.5,0.0,True,False
3,SVM,squared_error,5394,19.429689367165263,33.05020179383597,-13.62051242667071,-15.757228052235584,-11.607336761109696,3360128.0,8.845042995433288e-257,True,False
3,SVM,absolute_error,5394,2.394283935087439,3.5954170683511584,-1.2011331332637192,-1.2812523720402595,-1.1175976160865826,3164877.0,8.237193433924002e-283,True,False
3,Linear Regression,squared_error,5394,22.19541566144994,33.05020179383597,-10.85478613238603,-12.941174751060469,-8.830761866613507,4065586.0,2.8917717004487585e-173,True,False
3,Linear Regression,absolute_error,5394,2.550962163546026,3.5954170683511584,-1.0444549048051321,-1.1297639328328677,-0.9559318042098017,3723463.0,1.0488411761408907e-211,True,False
3,Decision Tree,squared_error,5394,29.6501505853431,33.05020179383597,-3.4000512084928656,-6.37271047979088,-0.4816200276445503,3904096.0,6.01714639056745e-191,True,False
3,Decision Tree,absolute_error,5394,2.4511338595375443,3.5954170683511584,-1.1442832088136143,-1.2531336648276483,-1.031310520226342,3331230.0,1.3137908189116871e-260,True,False
3,Random Forest,squared_error,5394,19.047503576467154,33.05020179383597,-14.002698217368813,-16.439862305369065,-11.687419175010804,3402065.0,2.359263255412284e-251,True,False
3,Random Forest,absolute_error,5394,2.354769304755848,3.5954170683511584,-1.2406477635953104,-1.3273111898005316,-1.1520426050805042,3149526.0,6.539707277946987e-285,True,False
3,Ridge,squared_error,5394,21.694572071720888,33.05020179383597,-11.355629722115081,-13.442292785418136,-9.350428250218997,3568682.0,2.261869740402698e-230,True,False
3,Ridge,absolute_error,5394,2.4689056936974016,3.5954170683511584,-1.126511374653756,-1.2095585530605202,-1.040849980563651,3317283.0,2.2022919767893534e-262,True,False
3,Poly Ridge,squared_error,5394,19.960336728406844,33.05020179383597,-13.089865065429128,-15.573853061193535,-10.753833583436384,4344739.0,8.93728114752303e-145,True,False
3,Poly Ridge,absolute_error,5394,2.64000677561794,3.5954170683511584,-0.9554102927332181,-1.0482168823127822,-0.8601378492554851,4185957.5,1.1559888135292944e-160,True,False
4,Linear trend baseline,squared_error,5394,40.014193409409415,40.0597657533912,-0.0455723439817733,-0.07545427671385224,-0.01632342072752845,7129355.0,0.20239371602964662,True,False
4,Linear trend baseline,absolute_error,5394,3.5981116697364284,3.5992339702034344,-0.0011223004670051372,-0.0036113747900702654,0.0013586235976814952,7207022.0,0.5512826023758615,False,False
4,KNN,squared_error,5394,25.759173143108576,40.0597657533912,-14.300592610282617,-16.793235991033196,-11.920055036017523,3455221.0,1.4627384190807118e-244,True,False
4,KNN,absolute_error,5394,2.3902237707799925,3.5992339702034344,-1.2090101994234417,-1.2927959935082742,-1.126524869506199,3098035.0,5.092890163883453e-292,True,False
4,Neural Network,squared_error,5394,23.765787056972545,40.0597657533912,-16.293978696418645,-19.53952875130948,-13.17368236038821,3851880.0,8.025800200954164e-197,True,False
4,Neural Network,absolute_error,5394,2.3574189101326413,3.5992339702034344,-1.241815060070793,-1.3498893278344792,-1.1366898366757607,3531417.5,5.517702330147737e-235,True,False
4,SVM,squared_error,5394,24.632265915756907,40.0597657533912,-15.427499837634286,-17.96026718447726,-13.05394602145709,4195703.0,1.1540005785529307e-159,True,False
4,SVM,absolute_error,5394,2.5139894453613203,3.5992339702034344,-1.085244524842114,-1.170989885957031,-0.9999656222216587,3833537.0,6.485869120128645e-199,True,False
4,Linear Regression,squared_error,5394,50.78326559747366,40.0597657533912,10.723499844082465,3.636553700218018,18.132910692996507,5582435.0,1.473847489104854e-49,False,True
4,Linear Regression,absolute_error,5394,3.4562579978870684,3.5992339702034344,-0.14297597231636566,-0.2963825011946354,0.00985627771966903,5412868.5,1.3221023171622526e-59,False,False
4,Decision Tree,squared_error,5394,33.89078807840364,40.0597657533912,-6.168977674987555,-9.484475598611416,-2.726699894900079,3674032.0,1.3510386306714703e-217,True,False
4,Decision Tree,absolute_error,5394,2.521254860213267,3.5992339702034344,-1.077979109990167,-1.1876857763433906,-0.9668189819748907,3292401.5,9.82173263576218e-266,True,False
4,Random Forest,squared_error,5394,24.223707630185743,40.0597657533912,-15.836058123205449,-18.687798352513436,-13.078694620266079,3948702.0,5.817597525407801e-186,True,False
4,Random Forest,absolute_error,5394,2.504574017168293,3.5992339702034344,-1.0946599530351413,-1.192783793180819,-0.9971760750209765,3707266.0,1.2723574333846995e-213,True,False
4,Ridge,squared_error,5394,46.06398018437314,40.0597657533912,6.004214430981952,-0.5255553299918174,12.81308536199997,5232923.0,2.624222110635048e-71,False,False
4,Ridge,absolute_error,5394,3.2522346709844947,3.5992339702034344,-0.3469992992189393,-0.49226177110448305,-0.20183529117451038,5036867.5,2.8130835856976853e-85,True,False
4,Poly Ridge,squared_error,5394,26.720632353797566,40.0597657533912,-13.339133399593631,-16.3157110683068,-10.550397722970839,5384983.0,2.3875602341950947e-61,True,False
4,Poly Ridge,absolute_error,5394,2.9158895896426453,3.5992339702034344,-0.6833443805607889,-0.7869693453281585,-0.5789431440708026,5142117.5,1.2790959292050571e-77,True,False
5,Linear trend baseline,squared_error,5394,44.53711599962179,44.53465764684497,0.002458352776809962,-0.04775843204842691,0.054296083329000995,7114308.0,0.1596295861079816,False,False
5,Linear trend baseline,absolute_error,5394,3.7166696817092544,3.714266233055964,0.002403448653290164,-0.001443881587707891,0.006440035564854438,7252596.0,0.8435967220752385,False,False
5,KNN,squared_error,5394,30.755746621581306,44.53465764684497,-13.778911025263666,-16.231803830436817,-11.540430568000886,3401720.0,2.10902690726203e-251,True,False
5,KNN,absolute_error,5394,2.4847001044110946,3.714266233055964,-1.2295661286448702,-1.312969779566446,-1.1464613960835714,2881068.5,0.0,True,False
5,Neural Network,squared_error,5394,32.67450895691831,44.53465764684497,-11.860148689926667,-15.447096907234904,-8.440123609687795,3458577.0,3.911940124443545e-244,True,False
5,Neural Network,absolute_error,5394,2.5153202618112664,3.714266233055964,-1.1989459712446981,-1.3103475838858991,-1.0900818903669431,3154986.5,3.6603755661362225e-284,True,False
5,SVM,squared_error,5394,28.205973396323262,44.53465764684497,-16.328684250521707,-18.735817483822665,-14.033011136049343,3302984.0,2.8783451618834365e-264,True,False
5,SVM,absolute_error,5394,2.500435070941878,3.714266233055964,-1.213831162114086,-1.2992550292964413,-1.130296828016189,3130612.0,1.6485700896274327e-287,True,False
5,Linear Regression,squared_error,5394,31.314414134836085,44.53465764684497,-13.220243512008883,-16.226533621146363,-10.340490804520808,4152457.0,4.017985900355545e-164,True,False
5,Linear Regression,absolute_error,5394,2.721389621629575,3.714266233055964,-0.992876611426389,-1.0880510500874254,-0.8982996516688216,3857879.5,3.8589427841554375e-196,True,False
5,Decision Tree,squared_error,5394,39.967869891341124,44.53465764684497,-4.566787755503846,-8.50646884847949,-0.7057213106824002,3775862.0,1.3771320860715832e-205,True,False
5,Decision Tree,absolute_error,5394,2.7353291068844827,3.714266233055964,-0.9789371261714818,-1.0981689549017233,-0.85857083184839,3360414.5,8.034844906865736e-257,True,False
5,Random Forest,squared_error,5394,26.393503121794687,44.53465764684497,-18.141154525050286,-21.020778490016912,-15.388752120413516,3101944.0,1.803272418134311e-291,True,False
5,Random Forest,absolute_error,5394,2.460002298023384,3.714266233055964,-1.2542639350325806,-1.3485018692660196,-1.1610227168758014,2945284.5,0.0,True,False
5,Ridge,squared_error,5394,29.812048391128805,44.53465764684497,-14.72260925571616,-17.6853112622728,-11.90905636428832,3949036.0,6.333882804859278e-186,True,False
5,Ridge,absolute_error,5394,2.6887831605556434,3.714266233055964,-1.0254830725003214,-1.120746222085584,-0.9313142133088363,3725706.5,1.9294701244756397e-211,True,False
5,Poly Ridge,squared_error,5394,28.103686056624078,44.53465764684497,-16.430971590220896,-19.25687505017054,-13.731876574710142,4105063.0,4.435936623266006e-169,True,False
5,Poly Ridge,absolute_error,5394,2.7185310990946254,3.714266233055964,-0.9957351339613388,-1.0935267905248633,-0.9006380983382499,3967318.5,6.565314287831676e-184,True,False
