cutoff,model,metric,n,model_mean_error,baseline_mean_error,mean_difference,ci_low,ci_high,wilcoxon_stat,wilcoxon_p,beats_baseline,worse_than_baseline
2016,Linear trend baseline,squared_error,5017,73.78019501216474,21.730538399763883,52.04965661240087,25.757798949228864,83.37199690515253,3902856.5,1.294077882371213e-46,False,True
2016,Linear trend baseline,absolute_error,5017,2.3387179118983976,1.706067764135193,0.6326501477632044,0.4693543999105705,0.8167519754405248,3731443.5,1.5374748780416905e-59,False,True
2016,KNN,squared_error,5017,19.43058712190904,21.730538399763883,-2.299951277854844,-4.385563289806098,-0.3641254215796088,3610622.0,2.63875768598745e-13,True,False
2016,KNN,absolute_error,5017,1.7905960154602307,1.706067764135193,0.08452825132503779,0.021028455072886025,0.14669827514294795,3534467.5,8.494118522919487e-17,False,True
2016,Neural Network,squared_error,5017,26.01303359489635,21.730538399763883,4.282495195132465,2.098475857784506,6.409323699813351,2134472.0,0.0,False,True
2016,Neural Network,absolute_error,5017,3.257971257788831,1.706067764135193,1.5519034936536382,1.472639414335671,1.6316086204064024,1777165.0,0.0,False,True
2016,SVM,squared_error,5017,20.801296569364837,21.730538399763883,-0.9292418303990465,-3.414275576006567,1.5778389075481623,5146602.0,5.011863274115742e-29,False,False
2016,SVM,absolute_error,5017,1.8161113471695312,1.706067764135193,0.11004358303433795,0.0385132745984498,0.18373643367768888,4984368.0,2.6398213266110133e-37,False,True
2016,Linear Regression,squared_error,5017,23.243848069883178,21.730538399763883,1.5133096701192945,-1.3189203052208667,4.39237159593445,3588622.0,3.282284848191992e-153,False,False
2016,Linear Regression,absolute_error,5017,2.351007962811514,1.706067764135193,0.6449401986763208,0.5537482143437303,0.7358101571791956,3298159.0,2.0554547258769098e-187,False,True
2016,Decision Tree,squared_error,5017,31.35082531899337,21.730538399763883,9.620286919229489,6.665326886795108,12.634184770321346,3956329.5,4.317456000703122e-80,False,True
2016,Decision Tree,absolute_error,5017,2.2644106065136267,1.706067764135193,0.5583428423784333,0.4673596891524492,0.6532797038282802,3598438.0,8.929890818228285e-114,False,True
2016,Random Forest,squared_error,5017,18.859817606486256,21.730538399763883,-2.870720793277629,-4.3489909969628044,-1.440664898804995,4656884.0,3.550120714389412e-49,True,False
2016,Random Forest,absolute_error,5017,1.7818447700237912,1.706067764135193,0.07577700588859788,0.0236717766174507,0.12778688287055,3845726.5,5.391713690743171e-115,False,True
2016,Ridge,squared_error,5017,23.115407630195495,21.730538399763883,1.3848692304316141,-1.4278375399635317,4.254278767359561,3578639.0,2.502197176496206e-154,False,False
2016,Ridge,absolute_error,5017,2.3537698732881247,1.706067764135193,0.6477021091529319,0.5571943666698437,0.73790947659322,3288241.5,1.2125509625398713e-188,False,True
2016,Poly Ridge,squared_error,5017,21.47862026129465,21.730538399763883,-0.2519181384692317,-2.312848543267076,1.7531151430072074,3259710.0,3.3487527191515363e-192,False,False
2016,Poly Ridge,absolute_error,5017,2.373809824564688,1.706067764135193,0.6677420604294949,0.5928503923163354,0.7429427547102808,2910376.0,1.700127994191694e-238,False,True
2017,Linear trend baseline,squared_error,3795,90.60771551558024,19.754797098520356,70.85291841705991,36.041916735323014,113.35794619306834,2369197.5,4.2009467618706065e-47,False,True
2017,Linear trend baseline,absolute_error,3795,2.428909615961034,1.6216304035784719,0.8072792123825623,0.5911150328399466,1.0561381864047343,2297021.0,1.2958721989985885e-54,False,True
2017,KNN,squared_error,3795,18.308555366262606,19.754797098520356,-1.4462417322577508,-3.9732139850166046,0.8317459859130334,1873788.0,2.2558931052132145e-13,False,False
2017,KNN,absolute_error,3795,1.725965609081179,1.6216304035784719,0.10433520550270699,0.02995286650007299,0.17970779058560207,1900335.0,1.3149291165551725e-11,False,True
2017,Neural Network,squared_error,3795,20.45861961005533,19.754797098520356,0.703822511534975,-1.7012010977855978,2.915753593034292,1683252.0,1.2387843462535084e-177,False,False
2017,Neural Network,absolute_error,3795,2.4196119479032503,1.6216304035784719,0.7979815443247783,0.7194509136621738,0.8745515086645049,1395110.0,2.4748855476039275e-234,False,True
2017,SVM,squared_error,3795,18.19292712236781,19.754797098520356,-1.5618699761525476,-4.7107270928762,1.4399328742159672,2998390.0,4.104713364174053e-19,False,False
2017,SVM,absolute_error,3795,1.6772015093749695,1.6216304035784719,0.05557110579649767,-0.029889852557815035,0.14067895629986063,2883980.0,2.183448055106651e-26,False,False
2017,Linear Regression,squared_error,3795,20.90551865699671,19.754797098520356,1.1507215584763557,-2.3416391791899183,4.684267988430625,2141568.0,9.899897300439859e-104,False,False
2017,Linear Regression,absolute_error,3795,2.1826310693216993,1.6216304035784719,0.5610006657432277,0.45799176816417403,0.665537599615483,1955468.0,2.498236401629792e-131,False,True
2017,Decision Tree,squared_error,3795,29.96778530002529,19.754797098520356,10.212988201504936,6.560698180341513,14.031515921970993,2406042.0,3.022792285250993e-39,False,True
2017,Decision Tree,absolute_error,3795,2.1795968434229063,1.6216304035784719,0.5579664398444345,0.4519651493183877,0.6710199379563577,2209166.0,1.3813974357053738e-59,False,True
2017,Random Forest,squared_error,3795,17.528316947050122,19.754797098520356,-2.2264801514702333,-4.1624676698052685,-0.46617339063798513,2456041.0,1.3800177949668946e-51,True,False
2017,Random Forest,absolute_error,3795,1.7448124107381129,1.6216304035784719,0.1231820071596409,0.06044173766859365,0.18765268569990143,1992316.0,2.3081775600024053e-109,False,True
2017,Ridge,squared_error,3795,20.69391538837438,19.754797098520356,0.9391182898540195,-2.541108184168386,4.464598467831091,2133662.0,7.766224043892239e-105,False,False
2017,Ridge,absolute_error,3795,2.1805828365588127,1.6216304035784719,0.5589524329803405,0.4558336449901871,0.6634686009670175,1947573.5,1.425808179047423e-132,False,True
2017,Poly Ridge,squared_error,3795,17.832366614859225,19.754797098520356,-1.9224304836611321,-4.5156149375126855,0.4539919348182108,1961684.0,2.3588754257040437e-130,False,False
2017,Poly Ridge,absolute_error,3795,2.130199344182245,1.6216304035784719,0.5085689406037736,0.4256748257691562,0.5911808052863942,1735693.0,3.6440488721294103e-168,False,True
2018,Linear trend baseline,squared_error,2562,94.28097002827955,13.885385424277956,80.39558460400161,30.23376585289354,142.06790121684696,1172600.0,2.1904407561411456e-19,False,True
2018,Linear trend baseline,absolute_error,2562,1.9393816636798622,1.325006323779034,0.614375339900828,0.34342350243618264,0.9339439001679007,1137509.5,1.328995891310039e-23,False,True
2018,KNN,squared_error,2562,11.612301069860477,13.885385424277956,-2.2730843544174806,-4.1933622982583625,-0.5779074498419113,1048736.5,0.00014376170338817378,True,False
2018,KNN,absolute_error,2562,1.3075159102772034,1.325006323779034,-0.017490413501830678,-0.08338303957453799,0.04524820056091097,1047641.0,0.00012309043061033953,False,False
2018,Neural Network,squared_error,2562,11.040856946006413,13.885385424277956,-2.8445284782715414,-4.803095117064729,-1.0809330770782601,1052149.0,7.867026464154051e-56,True,False
2018,Neural Network,absolute_error,2562,1.5100022771358133,1.325006323779034,0.18499595335677946,0.11873511314362993,0.2497372762597717,918355.5,4.0650939993777835e-83,False,True
2018,SVM,squared_error,2562,10.71047055086924,13.885385424277956,-3.174914873408715,-5.299431928734996,-1.192532570664677,1466441.0,2.901312389535552e-06,True,False
2018,SVM,absolute_error,2562,1.189245364143664,1.325006323779034,-0.13576095963536977,-0.21563364972905527,-0.06023966601042549,1414162.0,1.249132909843617e-09,True,False
2018,Linear Regression,squared_error,2562,10.46582224153509,13.885385424277956,-3.4195631827428654,-5.629519439583941,-1.4502777249082621,1048291.0,1.5358555362068004e-56,True,False
2018,Linear Regression,absolute_error,2562,1.5349544354449995,1.325006323779034,0.20994811166596558,0.12312142707077693,0.2913506799546608,947053.0,8.460992788688724e-77,False,True
2018,Decision Tree,squared_error,2562,17.400424869114538,13.885385424277956,3.5150394448365816,1.591776929214675,5.589032079802107,1170997.5,3.1632187351630677e-24,False,True
2018,Decision Tree,absolute_error,2562,1.5410923789796835,1.325006323779034,0.21608605520064952,0.14165966764942506,0.2959614957872854,1074355.5,6.389575124551616e-38,False,True
2018,Random Forest,squared_error,2562,10.354017272438595,13.885385424277956,-3.531368151839361,-5.23261693333565,-1.992741715180428,1125753.0,3.4850251122893656e-37,True,False
2018,Random Forest,absolute_error,2562,1.2932999985279068,1.325006323779034,-0.031706325251127015,-0.08486725517846339,0.018852784142052242,917060.0,5.799609132248015e-76,False,False
2018,Ridge,squared_error,2562,10.345010589579571,13.885385424277956,-3.5403748346983837,-5.763915790866454,-1.5589113659374054,1042466.0,1.2778245766931998e-57,True,False
2018,Ridge,absolute_error,2562,1.5370149769732713,1.325006323779034,0.21200865319423737,0.1249233210297176,0.2940487813156096,942457.0,8.562945382372311e-78,False,True
2018,Poly Ridge,squared_error,2562,10.907136342924389,13.885385424277956,-2.978249081353568,-4.974325718683057,-1.1688012800939245,944513.0,2.390597626736123e-77,True,False
2018,Poly Ridge,absolute_error,2562,1.6125286274467112,1.325006323779034,0.2875223036676773,0.21203242961905583,0.3604848840609587,836161.0,1.2712229295715287e-102,False,True
2019,Linear trend baseline,squared_error,1628,18.872726443463097,9.4774473339804,9.395279109482697,1.4503749020164005,22.730177584881783,455732.5,1.2683313377643803e-25,False,True
2019,Linear trend baseline,absolute_error,1628,1.3489504002398411,1.0302048096536243,0.318745590586217,0.20445610190546967,0.4593059480794307,441649.0,3.3928872199678323e-29,False,True
2019,KNN,squared_error,1628,8.630202483226562,9.4774473339804,-0.8472448507538389,-2.8457298437819434,0.8308152826243327,356569.0,1.7505283335543988e-05,False,False
2019,KNN,absolute_error,1628,1.0701072678493995,1.0302048096536243,0.03990245819577501,-0.029476231551231,0.10969018947303032,360200.0,5.771274195193892e-05,False,False
2019,Neural Network,squared_error,1628,7.921982469354446,9.4774473339804,-1.5554648646259535,-3.499623782474869,-0.001272106435566716,422334.0,7.05884439826203e-37,True,False
2019,Neural Network,absolute_error,1628,1.182854814632828,1.0302048096536243,0.1526500049792037,0.08925375394207108,0.21307787576330922,366983.5,6.862594538256395e-55,False,True
2019,SVM,squared_error,1628,7.448424624317912,9.4774473339804,-2.029022709662487,-4.0817446308708805,-0.35641987250966667,583594.0,2.8416039491603384e-05,True,False
2019,SVM,absolute_error,1628,0.9891405325150698,1.0302048096536243,-0.0410642771385545,-0.11766685506409033,0.03157440731159743,563451.5,1.5413242318274775e-07,False,False
2019,Linear Regression,squared_error,1628,8.368250021193008,9.4774473339804,-1.1091973127873913,-3.193009075020847,0.6508228507963746,375546.0,7.303150926893893e-52,False,False
2019,Linear Regression,absolute_error,1628,1.355275072416943,1.0302048096536243,0.3250702627633186,0.23622718352161415,0.40976553309825786,341743.5,2.5170065541862036e-64,False,True
2019,Decision Tree,squared_error,1628,11.880078540519937,9.4774473339804,2.4026312065395365,-0.3607733855264317,5.16718071507059,415088.0,5.136197738263217e-30,False,False
2019,Decision Tree,absolute_error,1628,1.2707754981314925,1.0302048096536243,0.24057068847786825,0.14463512320922753,0.3396747751775591,381999.0,7.1649581880587056e-40,False,True
2019,Random Forest,squared_error,1628,6.82813808106446,9.4774473339804,-2.6493092529159394,-4.721854942141795,-0.8909207942749177,448474.0,5.907184370550293e-27,True,False
2019,Random Forest,absolute_error,1628,1.0177941913496926,1.0302048096536243,-0.012410618303931484,-0.07935547712970585,0.05180223209144451,336589.0,6.522565821920787e-63,False,False
2019,Ridge,squared_error,1628,8.198249600396341,9.4774473339804,-1.279197733584059,-3.3865450735097555,0.5099446320777387,372441.0,5.970551175637602e-53,False,False
2019,Ridge,absolute_error,1628,1.3580988402570116,1.0302048096536243,0.3278940306033873,0.23866963791150378,0.41384382679313075,338171.5,1.0084890610063268e-65,False,True
2019,Poly Ridge,squared_error,1628,6.902205541498495,9.4774473339804,-2.5752417924819038,-5.077815904843692,-0.3841692162925054,351034.0,9.185236647928612e-61,True,False
2019,Poly Ridge,absolute_error,1628,1.324369416939275,1.0302048096536243,0.2941646072856507,0.19773071209818951,0.38483092608489816,297998.0,1.7079976618661412e-82,False,True
2020,Linear trend baseline,squared_error,873,23.895671105713074,7.283857439050898,16.611813666662172,1.8815399710168832,41.461036495804144,142435.0,5.754017200813749e-10,False,True
2020,Linear trend baseline,absolute_error,873,1.4683570259434893,1.0273548184540775,0.44100220748941193,0.23999250908384723,0.6937684754511123,138192.0,1.2603147674204891e-11,False,True
2020,KNN,squared_error,873,6.770676487554113,7.283857439050898,-0.5131809514967836,-3.275023669115883,1.3583632873504132,123345.0,0.0001894095559517814,False,False
2020,KNN,absolute_error,873,1.0698670943741893,1.0273548184540775,0.04251227592011172,-0.0490633211035464,0.12945851201082972,123909.0,0.0002722268582015819,False,False
2020,Neural Network,squared_error,873,5.897991830766875,7.283857439050898,-1.3858656082840244,-3.901902543052883,0.20961976360454798,145172.0,9.60474942570368e-10,False,False
2020,Neural Network,absolute_error,873,1.0573080438084848,1.0273548184540775,0.02995322535440743,-0.055165560297269524,0.10872419774531136,121701.5,1.9474423515989e-20,False,False
2020,SVM,squared_error,873,6.2513048746443145,7.283857439050898,-1.0325525644065825,-4.135345067883475,1.0120652202049245,164922.0,0.0005287814458401375,False,False
2020,SVM,absolute_error,873,1.0323794979058496,1.0273548184540775,0.005024679451772081,-0.10910342428635363,0.10221509897390123,159301.5,2.4439798647541354e-05,False,False
2020,Linear Regression,squared_error,873,6.35962079542156,7.283857439050898,-0.9242366436293381,-4.191675417110528,1.3637286093062135,113193.0,2.306809407144459e-25,False,False
2020,Linear Regression,absolute_error,873,1.337849537964084,1.0273548184540775,0.3104947195100067,0.17764507648431152,0.435532295168716,102490.0,2.3384397506822374e-32,False,True
2020,Decision Tree,squared_error,873,10.575550197584107,7.283857439050898,3.2916927585332085,-0.1568480920597131,6.655554808598686,138569.5,1.4610881108685085e-07,False,False
2020,Decision Tree,absolute_error,873,1.2604796712890365,1.0273548184540775,0.2331248528349588,0.0798600126781277,0.3968082049197356,129561.0,5.946302916330562e-11,False,True
2020,Random Forest,squared_error,873,6.49189719941878,7.283857439050898,-0.7919602396321186,-3.378297916696495,0.9443535768121155,121390.5,1.0223309100696097e-18,False,False
2020,Random Forest,absolute_error,873,1.0971305073978388,1.0273548184540775,0.06977568894376134,-0.014071154862491636,0.15106303228497295,95420.0,3.176207401556878e-35,False,False
2020,Ridge,squared_error,873,6.54472325299233,7.283857439050898,-0.7391341860585686,-4.056983081730567,1.609603919652411,111682.0,2.688393217857512e-26,False,False
2020,Ridge,absolute_error,873,1.3562028992603519,1.0273548184540775,0.32884808080627437,0.19270735184010856,0.45660680144682997,100533.5,9.869332007433274e-34,False,True
2020,Poly Ridge,squared_error,873,7.790013264327905,7.283857439050898,0.5061558252770079,-2.2848223960725997,2.4573327441171635,105405.0,2.3008759948586127e-30,False,False
2020,Poly Ridge,absolute_error,873,1.4031131547877789,1.0273548184540775,0.3757583363337015,0.2656528699400133,0.4823142720913139,89039.5,2.0790590886410092e-42,False,True
